{"cameraMode":{"drawMode":0,"name":"Shaded","section":"Shading Mode"},"sceneLighting":true,"audioPlay":false,"sceneViewState":{"m_AlwaysRefresh":false,"showFog":true,"showSkybox":true,"showFlares":true,"showImageEffects":true,"showParticleSystems":true,"showVisualEffectGraphs":true,"m_FxEnabled":true},"in2DMode":false,"pivot":{"x":-1.0466511249542237,"y":-0.17931312322616578,"z":-0.9457000494003296},"rotation":{"x":0.06343002617359162,"y":0.9246631264686585,"z":-0.17716877162456513,"w":0.33104702830314639},"size":2.073310613632202,"orthographic":false}