{"cameraMode":{"drawMode":0,"name":"Shaded","section":"Shading Mode"},"sceneLighting":true,"audioPlay":false,"sceneViewState":{"m_AlwaysRefresh":false,"showFog":true,"showSkybox":true,"showFlares":true,"showImageEffects":true,"showParticleSystems":true,"showVisualEffectGraphs":true,"m_FxEnabled":true},"in2DMode":false,"pivot":{"x":-1.5758228302001954,"y":-0.029719650745391847,"z":-1.3750560283660889},"rotation":{"x":0.023657752200961114,"y":0.9751942157745361,"z":-0.12978540360927583,"w":0.17775870859622956},"size":1.4733107089996338,"orthographic":false}