{"cameraMode":{"drawMode":0,"name":"Shaded","section":"Shading Mode"},"sceneLighting":true,"audioPlay":false,"sceneViewState":{"m_AlwaysRefresh":false,"showFog":true,"showSkybox":true,"showFlares":true,"showImageEffects":true,"showParticleSystems":true,"showVisualEffectGraphs":true,"m_FxEnabled":true},"in2DMode":false,"pivot":{"x":-1.3250489234924317,"y":0.3736451268196106,"z":-0.8433852195739746},"rotation":{"x":0.03952610120177269,"y":-0.960041880607605,"z":0.18065595626831056,"w":0.2100498527288437},"size":1.5077623128890992,"orthographic":true}